{"epoch_0": {"input": [[-0.3240927457809448], [-0.3166238069534302], [-0.014456748962402344], [0.8136224746704102], [0.6196328401565552], [-0.5148495435714722], [-0.8588910102844238], [0.18291199207305908], [0.7614864110946655], [0.5099731683731079], [0.45310020446777344], [0.3486979007720947], [-0.7727828025817871], [-0.030622482299804688], [-0.13106060028076172], [-0.6376422643661499], [-0.21190500259399414], [0.35404253005981445], [0.921257495880127], [-0.6883844137191772]], "h1": [[0.06398966908454895, 0.21905508637428284, 0.2179146409034729, -0.0170467346906662, 0.04119381308555603, -0.04078797996044159, 0.007402688264846802, -0.1105174571275711, -0.03445994853973389, -0.16908816993236542, 0.14511272311210632, -0.11607835441827774, -0.1855510175228119, 0.08478784561157227, 0.20152845978736877, 0.14810121059417725, -0.06788118183612823, -0.016330033540725708, 0.011012688279151917, -0.1919948011636734], [0.019648730754852295, -0.20806841552257538, 0.16982972621917725, -0.1412298083305359, -0.08259598910808563, 0.0632995069026947, 0.04536941647529602, 0.13720065355300903, 0.1232151985168457, 0.1427851915359497, -0.1854255497455597, 0.19726046919822693, 0.029393285512924194, -0.07450436055660248, 0.03303563594818115, 0.03264904022216797, 0.0875585675239563, -0.020711749792099, 0.14174103736877441, 0.1873929798603058], [0.20965760946273804, -0.15075568854808807, -0.2219117432832718, -0.06963162124156952, 0.05704528093338013, 0.20693328976631165, 0.13084134459495544, 0.06654602289199829, 0.16558480262756348, 0.04635849595069885, 0.0013918429613113403, -0.009702920913696289, 0.010328859090805054, -0.08236993849277496, 0.020292147994041443, -0.0908164530992508, 0.01954740285873413, -0.021188855171203613, -0.18011467158794403, -0.03687077760696411], [0.1874133050441742, 0.02117481827735901, -0.013788968324661255, 0.046849608421325684, -0.14192916452884674, -0.12611564993858337, 0.22059810161590576, 0.1017235815525055, -0.0555989146232605, 0.1350359320640564, -0.031686365604400635, -0.2168767899274826, -0.20543482899665833, 0.13910767436027527, 0.08690249919891357, -0.03844635188579559, -0.1374131292104721, -0.10652052611112595, 0.22325801849365234, 0.1214083731174469], [-0.07864660024642944, 0.14688414335250854, 0.03562581539154053, 0.13466233015060425, 0.15154382586479187, -0.1505005955696106, -0.14892196655273438, -0.1888032704591751, 0.2046346366405487, 0.19917705655097961, 0.12789523601531982, -0.21283915638923645, 0.12855374813079834, 0.025898635387420654, 0.042962610721588135, 0.20722290873527527, 0.1808319091796875, -0.0895642638206482, -0.032771751284599304, -0.039068564772605896], [0.07596281170845032, 0.10328546166419983, 0.04286676645278931, 0.21809062361717224, -0.07542455196380615, -0.14981305599212646, -0.20439119637012482, 0.0858994722366333, -0.18626520037651062, -0.08854176104068756, 0.09882616996765137, -0.16639000177383423, -0.07911939918994904, -0.10751143097877502, 0.03468635678291321, 0.033235907554626465, -0.20242010056972504, -0.06610065698623657, 0.19202286005020142, -0.1522027552127838], [-0.19065183401107788, 0.13074150681495667, 0.18825972080230713, 0.049261003732681274, -0.10090005397796631, -0.0026756972074508667, 0.06590428948402405, -0.1665048599243164, -0.17765000462532043, 0.08339294791221619, -0.10608723014593124, -0.023941010236740112, -0.06585188210010529, 0.20570778846740723, 0.11650776863098145, -0.12185164541006088, 0.2061748206615448, -0.08922936022281647, -0.024309054017066956, -0.20807553827762604], [-0.17616209387779236, 0.03315761685371399, 0.14098307490348816, -0.2148873209953308, -0.03708069026470184, -0.02643902599811554, 0.08841449022293091, 0.17131748795509338, 0.09596934914588928, 0.2207886278629303, 0.20129558444023132, 0.017537757754325867, -0.04772856831550598, -0.13064169883728027, -0.15393230319023132, -0.002291962504386902, 0.03370410203933716, -0.09798465669155121, 0.17505717277526855, 0.21930134296417236], [0.09664949774742126, 0.17738381028175354, -0.06342458724975586, -0.21798643469810486, -0.000363275408744812, 0.1609618067741394, 0.14951109886169434, 0.036926448345184326, -0.20159226655960083, 0.017557963728904724, 0.15789464116096497, -0.13568659126758575, -0.09113313257694244, -0.14785543084144592, -0.16788360476493835, 0.2181060016155243, 0.10700207948684692, 0.1487492024898529, 0.09600862860679626, -0.17949998378753662], [-0.01315411925315857, 0.2020360827445984, -0.22318603098392487, 0.08459970355033875, -0.009345754981040955, -0.20659199357032776, 0.014937087893486023, -0.19834838807582855, -0.009426236152648926, -0.001089140772819519, -0.02270263433456421, -0.17779690027236938, 0.17864298820495605, 0.023716196417808533, 0.21405306458473206, -0.02733112871646881, 0.03833606839179993, 0.05590936541557312, -0.07897554337978363, -0.1589363068342209], [-0.0659036934375763, 0.18058955669403076, -0.11122642457485199, -0.21961218118667603, -0.059126272797584534, 0.10245704650878906, 0.1754879355430603, -0.13976889848709106, -0.1609317511320114, -0.09346318244934082, -0.016942426562309265, -0.06119564175605774, 0.052330732345581055, -0.12749969959259033, 0.21328723430633545, -0.1989593654870987, -0.16390898823738098, 0.07878011465072632, 0.07077991962432861, 0.03489777445793152], [-0.1468273401260376, -0.08213531970977783, 0.17574459314346313, -0.10459926724433899, -0.05969303846359253, 0.041964203119277954, 0.17443329095840454, -0.07689791917800903, 0.010434791445732117, 0.02059011161327362, -0.12734708189964294, -0.0026663541793823242, -0.22110354900360107, 0.11493682861328125, 0.038374513387680054, 0.20883965492248535, -0.19130973517894745, -0.14054220914840698, 0.0738334059715271, 0.11492818593978882], [0.0008763968944549561, -0.15233749151229858, 0.11786237359046936, -0.05603399872779846, -0.15617357194423676, -0.11076298356056213, 0.21257874369621277, -0.10458505898714066, 0.18691322207450867, -0.1940421164035797, -0.22286373376846313, -0.10309740900993347, 0.2057943046092987, 0.21016213297843933, 0.17853692173957825, 0.2157730758190155, 0.131934255361557, -0.10811689496040344, -0.08950793743133545, 0.13570690155029297], [-0.21764624118804932, -0.04034829139709473, -0.09153608977794647, -0.06842058897018433, 0.20132938027381897, 0.045669883489608765, -0.05159640312194824, -0.09031838178634644, 0.045981764793395996, -0.20647405087947845, 0.19789651036262512, 0.03916078805923462, 0.1384275257587433, 0.19865643978118896, -0.1048257052898407, -0.10359497368335724, 0.0912846028804779, -0.15106704831123352, 0.15697446465492249, 0.13922876119613647], [-0.0003699660301208496, -0.07109612226486206, 0.11569392681121826, 0.029255598783493042, -0.0629221647977829, 0.1795962154865265, 0.12756472826004028, -0.02091693878173828, 0.2145329713821411, -0.0840279757976532, 0.19660794734954834, -0.0737275779247284, -0.19337208569049835, 0.1077001690864563, -0.021863996982574463, 0.050982505083084106, 0.09500345587730408, 0.21848851442337036, 0.082008957862854, -0.14567238092422485]],