{"epoch_0": {"input": [[0.3540698289871216], [-0.747909665107727], [0.82330322265625], [-0.7631834745407104], [-0.16086792945861816], [0.6539660692214966], [0.028536558151245117], [0.6354160308837891], [0.3318365812301636], [0.7863999605178833], [-0.11656332015991211], [-0.9480164051055908], [0.36875593662261963], [-0.7496839761734009], [0.6028503179550171], [-0.10454010963439941], [0.16068696975708008], [0.8785948753356934], [0.13825058937072754], [0.9494485855102539]], "h1": [[0.16550743579864502, 0.13196435570716858, 0.0943874716758728, 0.024101048707962036, 0.059790223836898804, -0.15299199521541595, -0.026874318718910217, 0.13448044657707214, -0.1101611778140068, 0.007421091198921204, -0.12803712487220764, 0.15063315629959106, -0.19275371730327606, 0.21220901608467102, -0.028437167406082153, 0.02616177499294281, 0.07916811108589172, -0.10891930013895035, 0.15938445925712585, -0.20251668989658356], [-0.044765859842300415, 0.03672608733177185, 0.14488551020622253, -0.1938295066356659, -0.18880653381347656, 0.059042155742645264, -0.1236971765756607, -0.04305769503116608, 0.07490962743759155, 0.10437816381454468, 0.09505963325500488, -0.2017664611339569, -0.10989551991224289, 0.11855211853981018, 0.13850528001785278, -0.07783125340938568, -0.16659556329250336, -0.13596634566783905, -0.11249629408121109, 0.1984301507472992], [0.20397543907165527, 0.028966784477233887, -0.02427905797958374, 0.05858588218688965, 0.0975140929222107, 0.21958276629447937, 0.07625466585159302, -0.07121874392032623, 0.18255692720413208, 0.12545767426490784, 0.04915982484817505, -0.09417833387851715, -0.08103431761264801, 0.17778167128562927, 0.16588124632835388, -0.1851336508989334, -0.19199690222740173, 0.08739301562309265, -0.12473126500844955, 0.11736899614334106], [0.01893642544746399, -0.07335056364536285, 0.16648003458976746, -0.14731988310813904, 0.06666037440299988, 0.142452210187912, -0.016299396753311157, -0.1826855093240738, 0.1425698697566986, 0.13430121541023254, 0.010102331638336182, -0.012093111872673035, 0.0019327402114868164, 0.10574844479560852, -0.2226429432630539, 0.0716104507446289, 0.1730143427848816, -0.0497981458902359, -0.20886877179145813, -0.02014772593975067], [0.05092746019363403, 0.14393696188926697, 0.19269037246704102, 0.22236981987953186, -0.16307330131530762, 0.15194964408874512, 0.20346194505691528, 0.08770710229873657, -0.1938682645559311, -0.05291275680065155, -0.17747700214385986, -0.13624098896980286, -0.09614193439483643, -0.029802724719047546, 0.014017969369888306, -0.11031273752450943, -0.13832175731658936, 0.13833853602409363, -0.022856250405311584, -0.03016495704650879], [0.22254815697669983, 0.16770830750465393, -0.02470545470714569, -0.004436522722244263, 0.2161230742931366, -0.20331498980522156, 0.020000353455543518, 0.06768849492073059, -0.0627395510673523, -0.11503781378269196, -0.16478727757930756, 0.062454670667648315, -0.05329449474811554, -0.1534692645072937, 0.15612351894378662, -0.08839857578277588, 0.16158989071846008, 0.10114815831184387, -0.007891595363616943, 0.05250871181488037], [0.04274362325668335, -0.20768526196479797, -0.19981592893600464, 0.21070906519889832, -0.2084827870130539, 0.1588757336139679, 0.14378458261489868, 0.06338182091712952, -0.13214068114757538, -0.18568626046180725, 0.08854910731315613, 0.05365484952926636, 0.08714032173156738, 0.05972480773925781, -0.13441437482833862, -0.020389020442962646, -0.16148169338703156, -0.14124435186386108, -0.06326669454574585, 0.03619265556335449], [0.16513046622276306, -0.16623437404632568, -0.0773448646068573, 0.1654367446899414, 0.02929168939590454, 0.07195591926574707, 0.1142038106918335, -0.06240421533584595, 0.10405513644218445, 0.1714649200439453, 0.09364968538284302, 0.1850879192352295, 0.04539233446121216, -0.20557096600532532, 0.08506941795349121, 0.08688497543334961, 0.1521397829055786, -0.025257423520088196, -0.20481449365615845, 0.1290946900844574], [0.08633607625961304, -0.05910558998584747, -0.05174626410007477, -0.03608466684818268, -0.15713968873023987, 0.0054796189069747925, -0.19133639335632324, 0.007061094045639038, -0.10438044369220734, -0.1996660977602005, 0.14119020104408264, 0.1423022747039795, 0.08137848973274231, 0.013073951005935669, -0.15362171828746796, 0.12351012229919434, -0.11838041990995407, 0.20679670572280884, -0.21899032592773438, -0.08145903050899506], [0.15640684962272644, 0.20550712943077087, 0.13168630003929138, 0.10268455743789673, -0.17183344066143036, 0.11581471562385559, 0.07628005743026733, -0.16932368278503418, -0.22306232154369354, -0.2147020846605301, -0.21103456616401672, 0.1100592315196991, 0.1584455370903015, -0.09480997920036316, 0.013167932629585266, 0.05048888921737671, -0.11077914386987686, 0.020326703786849976, 0.04258924722671509, -0.1791524589061737], [-0.02630363404750824, 0.11808398365974426, 0.138827383518219, 0.10020712018013, -0.19818957149982452, 0.07917562127113342, -0.20997028052806854, 0.17750030755996704, 0.1226319670677185, -0.13956108689308167, -0.15248094499111176, -0.12326265871524811, 0.13867634534835815, -0.1443750411272049, -0.21124118566513062, -0.10111841559410095, -0.05176796019077301, 0.20803329348564148, -0.20063339173793793, 0.1856706440448761], [0.09926509857177734, 0.029768377542495728, 0.043108344078063965, -0.055149227380752563, -0.13264495134353638, -0.20473258197307587, 0.014785900712013245, -0.08353541791439056, 0.1903674304485321, 0.19701522588729858, 0.15168693661689758, -0.14552044868469238, 0.1906363070011139, -0.11013100296258926, 0.09253773093223572, -0.2146448791027069, 0.14812102913856506, -0.05416463315486908, -0.10957855731248856, -0.16546890139579773], [0.08580151200294495, -0.175638347864151, -0.053132906556129456, 0.035086870193481445, -0.09004727005958557, -0.1144459918141365, 0.1969570517539978, 0.19626519083976746, 0.1748095452785492, -0.20506025850772858, 0.10433745384216309, -0.08227869868278503, 0.14193958044052124, -0.01219552755355835, -0.12051575630903244, 0.13022345304489136, 0.10916867852210999, 0.016828283667564392, -0.041783660650253296, 0.16247257590293884], [0.09145718812942505, 0.10372805595397949, 0.03770565986633301, -0.033084750175476074, 0.15336883068084717, -0.07124561071395874, -0.16607627272605896, -0.22018837928771973, -0.11452433466911316, 0.2051461637020111, 0.09609657526016235, -0.20352916419506073, 0.15551972389221191, -0.19183248281478882, 0.042782723903656006, 0.16010302305221558, -0.16096612811088562, -0.16061384975910187, -0.06970353424549103, 0.16999608278274536], [-0.09116777777671814, 0.04073271155357361, 0.16613584756851196, 0.05703139305114746, -0.018628209829330444, 0.1423472762107849, -0.045174360275268555, -0.17277075350284576, 0.16982010006904602, -0.19206036627292633, 0.15817832946777344, 0.0863722562789917, 0.09585383534431458, -0.06295706331729889, -0.03806893527507782, -0.06822527945041656, -0.04798257350921631, -0.18392543494701385, -0.22306692600250244, -0.07957716286182404]],