{"epoch_0": {"input": [[0.0026851892471313477], [0.8123642206192017], [-0.7949219942092896], [-0.3657805919647217], [-0.8950999975204468], [-0.08787047863006592], [0.6458648443222046], [0.5053564310073853], [0.7660225629806519], [0.7393107414245605], [0.18411803245544434], [-0.5236278772354126], [-0.9234610795974731], [0.0739591121673584], [-0.8956427574157715], [-0.5232864618301392], [-0.09899640083312988], [-0.2545499801635742], [-0.4943065643310547], [-0.5330146551132202]], "h1": [[0.11848947405815125, 0.0527726411819458, -0.2182978242635727, 0.05162122845649719, -0.03947044909000397, 0.09077155590057373, 0.15206485986709595, -0.13721293210983276, -0.017036765813827515, 0.1872842013835907, -0.1806936264038086, -0.03582462668418884, 0.14422914385795593, -0.2069854736328125, 0.03211212158203125, 0.2130526900291443, -0.14530088007450104, -0.06068938970565796, -0.09672020375728607, -0.07642289996147156], [0.11583212018013, -0.08245664834976196, -0.10767193138599396, -0.0349753201007843, -0.1680181473493576, -0.17392498254776, -0.12780062854290009, 0.08155304193496704, 0.04118633270263672, 0.19917264580726624, -0.03587476909160614, -0.18892255425453186, 0.02313922345638275, -0.046751976013183594, -0.18385189771652222, 0.16434413194656372, 0.2040974199771881, 0.2140865921974182, -0.08743034303188324, 0.1135653555393219], [0.0908035933971405, 0.14268836379051208, -0.2010095864534378, -0.14870265126228333, 0.08045798540115356, -0.006424635648727417, 0.11847609281539917, 0.14911231398582458, 0.008227884769439697, -0.12318668514490128, -0.17821529507637024, -0.00536482036113739, 0.011133596301078796, -0.020005062222480774, -0.19905860722064972, -0.0018871724605560303, 0.10993301868438721, 0.20334312319755554, 0.13631874322891235, -0.038609787821769714], [0.14491823315620422, -0.018835261464118958, 0.14508789777755737, 0.07790836691856384, 0.20495563745498657, 0.1528482735157013, 0.13686135411262512, 0.2009105682373047, -0.16110864281654358, 0.15559440851211548, 0.020416289567947388, 0.17076873779296875, -0.15333561599254608, 0.052930086851119995, 0.09767600893974304, 0.16597774624824524, 0.11575224995613098, 0.0188971608877182, 0.19604834914207458, 0.01149982213973999], [0.181428462266922, -0.15499982237815857, -0.0017584115266799927, 0.011956200003623962, 0.005295023322105408, 0.08698323369026184, -0.018209785223007202, 0.19711005687713623, -0.16312777996063232, -0.08134843409061432, 0.20235797762870789, 0.04111030697822571, -0.11150746047496796, -0.1691708266735077, -0.07039394974708557, 0.012306272983551025, -0.03608439862728119, 0.030233293771743774, 0.1634315848350525, 0.16166839003562927], [0.03373733162879944, 0.21873897314071655, 0.10422351956367493, 0.07551959156990051, 0.19804459810256958, -0.11238764226436615, -0.09029325842857361, 0.1967979073524475, 0.03356781601905823, 0.21869969367980957, 0.05065581202507019, 0.18433347344398499, -0.026002079248428345, -0.03245928883552551, 0.0485842227935791, 0.09667176008224487, 0.06470206379890442, -0.15483413636684418, 0.21184784173965454, -0.21929901838302612], [-0.154893159866333, -0.19165050983428955, 0.08431398868560791, 0.13188260793685913, 0.1894657015800476, 0.03786247968673706, -0.204982191324234, -0.04545952379703522, 0.1904056966304779, -0.11777441948652267, -0.04445640742778778, 0.1905624270439148, 0.14582622051239014, 0.09873214364051819, -0.0011625289916992188, -0.15695837140083313, 0.22069025039672852, 0.19140398502349854, 0.20301389694213867, 0.024282455444335938], [-0.14102867245674133, 0.2113257646560669, 0.008042380213737488, 0.16589811444282532, -0.0415613055229187, 0.12061312794685364, 0.04789525270462036, 0.17807087302207947, -0.19495201110839844, -0.20918075740337372, 0.11533188819885254, 0.05033057928085327, -0.0007164031267166138, 0.15215203166007996, 0.0036109238862991333, -0.20132525265216827, 0.056793272495269775, 0.19033271074295044, 0.2011975347995758, -0.16002102196216583], [-0.06542487442493439, 0.08351248502731323, -0.060583725571632385, 0.14063388109207153, 0.12204962968826294, -0.004421323537826538, -0.025340214371681213, 0.008093059062957764, -0.15742376446723938, 0.08581340312957764, 0.21960169076919556, 0.029336988925933838, -0.05805318057537079, 0.018411219120025635, -0.1306280791759491, 0.03658822178840637, -0.04754488170146942, 0.04230192303657532, 0.15061277151107788, -0.07441440224647522], [0.12601271271705627, 0.12029308080673218, -0.0203104168176651, -0.10052454471588135, -0.19150832295417786, 0.051232993602752686, -0.11866553127765656, 0.04845339059829712, 0.09920823574066162, 0.1845952272415161, 0.11484041810035706, 0.14319109916687012, -0.18512196838855743, 0.0505194365978241, 0.15302827954292297, 0.1593760848045349, -0.059332117438316345, -0.0538707971572876, -0.16832178831100464, -0.1701192557811737], [-0.12733939290046692, -0.1400119662284851, 0.066791832447052, 0.19172519445419312, -0.16198895871639252, -0.008921712636947632, -0.18138909339904785, 0.1342129409313202, 0.003919631242752075, -0.14852620661258698, -0.20514598488807678, -0.22235454618930817, -0.031359776854515076, -0.022665277123451233, -0.058539122343063354, -0.02831438183784485, 0.14564383029937744, 0.11030188202857971, -0.16948267817497253, 0.13530504703521729], [0.18003877997398376, -0.13979455828666687, -0.019809171557426453, -0.015108093619346619, 0.21383404731750488, -0.09043657779693604, -0.14943213760852814, 0.17579957842826843, 0.1441706120967865, -0.029746055603027344, -0.0024309754371643066, 0.13764965534210205, -0.020218148827552795, -0.06081666052341461, 0.05413737893104553, -0.11843791604042053, 0.14414140582084656, 0.13979670405387878, -0.1987689733505249, 0.18094420433044434], [-0.045866623520851135, -0.18782761693000793, 0.21433210372924805, -0.005256533622741699, -0.1304693967103958, -0.023987680673599243, -0.058933332562446594, 0.16501939296722412, 0.15686291456222534, 0.19954627752304077, -0.005027264356613159, -0.08294126391410828, -0.19908364117145538, -0.04290670156478882, 0.19013521075248718, -0.15396909415721893, -0.20543718338012695, 0.0174034982919693, -0.09343194961547852, 0.06099221110343933], [0.18180862069129944, -0.054318204522132874, -0.10471969842910767, -0.18587377667427063, -0.05392041802406311, 0.19656267762184143, -0.08909778296947479, -0.1685187965631485, -0.2187245935201645, -0.05129386484622955, 0.14126557111740112, -0.1392926722764969, 0.049373090267181396, 0.08647826313972473, -0.0012659728527069092, -0.04979398846626282, 0.1439225673675537, -0.12247222661972046, -0.10965406894683838, 0.11233040690422058], [0.1331808865070343, 0.07974711060523987, 0.16623806953430176, 0.17465630173683167, -0.18304875493049622, 0.07440757751464844, 0.12136346101760864, -0.09313923120498657, -0.19538916647434235, 0.03993546962738037, 0.22351503372192383, 0.12029954791069031, -0.18043261766433716, 0.1319519281387329, -0.03755253553390503, 0.1701807975769043, 0.02646493911743164, -0.11154550313949585, -0.08532027900218964, -0.06002277135848999]],