{"epoch_0": {"input": [[0.0539623498916626], [-0.1538025140762329], [-0.22227704524993896], [0.390544056892395], [0.7530145645141602], [0.562849760055542], [-0.8524484634399414], [-0.2014991044998169], [-0.19118595123291016], [-0.15582525730133057], [-0.2773655652999878], [0.2651252746582031], [-0.6603825092315674], [0.6971924304962158], [0.9675755500793457], [-0.45043718814849854], [0.761550784111023], [-0.5113668441772461], [0.42369544506073], [-0.22446537017822266], [0.6439957618713379], [-0.642967939376831], [-0.6776258945465088], [-0.21173453330993652], [0.10376393795013428], [0.8530943393707275], [0.20041203498840332], [0.052767157554626465], [0.55131995677948], [0.6118805408477783], [0.3897397518157959], [-0.2444167137145996], [0.4134202003479004], [0.5159186124801636], [-0.7342088222503662], [0.5858368873596191], [-0.15181541442871094], [-0.47738468647003174], [-0.16501152515411377], [0.20056939125061035], [0.6608657836914062], [-0.8714946508407593], [0.22564971446990967], [-0.48336613178253174], [-0.6251847743988037], [0.7886699438095093], [0.5663305521011353], [0.25490570068359375], [-0.22433996200561523], [0.00847005844116211]], "h1": [[0.025590628385543823, -0.11470010876655579, 0.13552571833133698, 0.09494517743587494, 0.07553528249263763, -0.12869691848754883, -0.13823997974395752, 0.022870033979415894, 0.13354890048503876, 0.06519672274589539, -0.026370085775852203, -0.11109916865825653, -0.09998920559883118, 0.092855304479599, -0.11016148328781128, -0.027761369943618774, -0.05597037822008133, 0.1372368484735489, 0.03833611309528351, -0.1092991903424263, -0.027584150433540344, 0.0773325115442276, -0.11924967169761658, 0.13584502041339874, 0.0765802413225174, 0.12175963819026947, 0.1157064288854599, 0.015775471925735474, 0.04118336737155914, -0.09724650532007217, 0.1271544247865677, 0.10535065829753876, 0.039017677307128906, 0.04955044388771057, 0.07835370302200317, 0.018709272146224976, -0.10641901195049286, -0.09827101230621338, 0.08552536368370056, -0.015816494822502136, -0.09768832474946976, 0.06677937507629395, 0.09667205810546875, -0.013411268591880798, 0.06225612759590149, -0.1092023253440857, -0.055864788591861725, -0.07414927333593369, 0.1395428329706192, 0.03487376868724823], [0.008797913789749146, 0.1357089728116989, 0.015212804079055786, 0.04479655623435974, -0.09530991315841675, 0.01103028655052185, -0.13054755330085754, 0.013308435678482056, -0.14097660779953003, 0.0825992077589035, 0.0027885735034942627, -0.043701864778995514, 0.13768987357616425, 0.03126472234725952, 0.01396438479423523, -0.011313289403915405, 0.04861244559288025, 0.05289056897163391, 0.09788474440574646, 0.05611942708492279, 0.029986321926116943, 0.01100766658782959, -0.023314543068408966, 0.0826718658208847, 0.11625827848911285, -0.05899082124233246, -0.08648093789815903, -0.06326724588871002, -0.07401027530431747, -0.07356031239032745, -0.10233595967292786, 0.016244471073150635, -0.02717507630586624, -0.13677510619163513, 0.13302187621593475, 0.030355408787727356, 0.07327254116535187, 0.0420965850353241, -0.09778866171836853, 0.06684434413909912, -0.06120314449071884, -0.08063245564699173, -0.11508357524871826, -0.0005191713571548462, 0.13526292145252228, 0.04477281868457794, -0.12299782782793045, -0.08075527101755142, 0.10751353204250336, -0.0889577716588974], [0.06711892783641815, -0.03843092918395996, 0.053838908672332764, -0.13809871673583984, 0.01625630259513855, -0.1334310621023178, -0.10067661851644516, 0.1168283075094223, -0.006827890872955322, -0.12589865922927856, -0.1044631153345108, -0.1304178088903427, 0.11997999250888824, -0.057371340692043304, 0.04608204960823059, 0.10022634267807007, 0.10323464870452881, 0.12100930511951447, 0.134288027882576, -0.03380231559276581, 0.13326312601566315, -0.06553314626216888, 0.11466772854328156, 0.03381030261516571, -0.06403667479753494, -0.06070953607559204, -0.040318943560123444, -0.0955115556716919, 0.038093313574790955, 0.10678361356258392, -0.04250048100948334, 0.11597870290279388, -0.10653410851955414, 0.06508155167102814, 0.0692497044801712, -0.02227339893579483, -0.13141639530658722, -0.06039515882730484, 0.020252317190170288, 0.02426166832447052, -0.01690412312746048, 0.026788413524627686, 0.10737715661525726, 0.10486821830272675, -0.029303625226020813, 0.04412457346916199, 0.057552337646484375, -0.03307899087667465, 0.05754977464675903, -0.0803649052977562], [0.08541172742843628, 0.1399172991514206, -0.07471633702516556, -0.11822172999382019, -0.04974832385778427, 0.08725610375404358, -0.1278364360332489, -0.13813745975494385, 0.09852047264575958, -0.06440168619155884, 0.06558093428611755, 0.1341523677110672, -0.112165667116642, 8.644163608551025e-05, -0.018876396119594574, 0.13489578664302826, -0.06706979870796204, 0.12433354556560516, 0.07157573103904724, -0.01205417513847351, 0.046957746148109436, 0.014951154589653015, 0.008449181914329529, 0.029122143983840942, 0.04661174118518829, 0.13901208341121674, 0.12031789124011993, -0.07092040777206421, -0.01131303608417511, -0.005076304078102112, 0.061788275837898254, -0.13738901913166046, 0.027465522289276123, -0.0600004717707634, -0.07894782721996307, -0.04275362938642502, -0.05951821804046631, -0.029585249722003937, -0.044795967638492584, 0.015316128730773926, -0.04080020636320114, -0.07243303954601288, -0.0891871303319931, 0.1297079473733902, 0.1289362758398056, 0.0433976948261261, 0.029563888907432556, -0.09205929189920425, 0.009300291538238525, -0.13192038238048553], [0.0953659862279892, -0.0809011459350586, 0.1376960724592209, -0.08408362418413162, -0.11614540964365005, 0.03458021581172943, 0.11888037621974945, 0.09462927281856537, -0.11419041454792023, -0.030119895935058594, -0.08117274194955826, -0.05859772861003876, 0.13404996693134308, 0.13975347578525543, 0.14032115042209625, -0.02100984752178192, 0.05488722026348114, -0.029067233204841614, -0.04881241172552109, -0.04441902041435242, -0.006581395864486694, -0.028231240808963776, 0.10601912438869476, -0.01076371967792511, -0.11225508153438568, -0.06970716267824173, -0.06714485585689545, 0.053840622305870056, 0.041519805788993835, 0.09506970643997192, -0.1195632666349411, -0.09929946064949036, 0.028496772050857544, 0.05280613899230957, 0.050726234912872314, -0.03140868991613388, -0.07605687528848648, -0.06129824370145798, -0.08390116691589355, -0.04681515693664551, 0.11620171368122101, 0.02675841748714447, 0.019681692123413086, -0.05467486381530762, 0.09570044279098511, 0.08573448657989502, -0.018903911113739014, 0.10091616213321686, -0.13498935103416443, 0.1036277562379837], [0.09907166659832001, -0.09103955328464508, 0.06278058886528015, -0.016020163893699646, 0.044160082936286926, 0.1333523541688919, -0.13041268289089203, -0.04418126493692398, 0.015437602996826172, 0.13943929970264435, -0.03218398988246918, -0.1237284392118454, 0.08432072401046753, 0.09190118312835693, 0.11539395153522491, 0.12007717788219452, 0.08456499874591827, 0.13060362637043, 0.03159691393375397, -0.004363805055618286, 0.007856220006942749, 0.0591864287853241, 0.06760671734809875, -0.00970613956451416, 0.033513352274894714, 0.13259883224964142, -0.08594273775815964, -0.11952288448810577, 0.04078689217567444, 0.12426669895648956, 0.10181792080402374, 0.07409338653087616, 0.07578028738498688, -0.10221101343631744, 0.09519198536872864, 0.07535241544246674, -0.12351026386022568, 0.002444654703140259, -0.028893977403640747, -0.07213698327541351, 0.045039862394332886, -0.09306344389915466, -0.06223144382238388, -0.08157098293304443, -0.03587059676647186, -0.04143509268760681, -0.07171067595481873, -0.007102087140083313, -0.08220232278108597, 0.0013636797666549683], [-0.09043876081705093, -0.10811345279216766, -0.00393165647983551, 0.020415961742401123, -0.03094904124736786, -0.11728058755397797, 0.032546356320381165, 0.038915202021598816, 0.02582228183746338, 0.08317700028419495, 0.008281826972961426, 0.11305047571659088, -0.10492320358753204, 0.06738661229610443, -0.08481460064649582, -0.10664135962724686, 