{"epoch_0": {"input": [[0.588099479675293], [0.1838768720626831], [-0.8582398891448975], [-0.07340419292449951], [0.7671457529067993], [0.44482195377349854], [-0.7339067459106445], [0.03236258029937744], [-0.30118632316589355], [-0.20018959045410156], [0.983609676361084], [-0.913116455078125], [0.34704434871673584], [-0.775545597076416], [0.864448070526123], [-0.15108036994934082], [0.03835952281951904], [-0.6464076042175293], [0.47397077083587646], [-0.008682966232299805]], "h1": [[0.002738267183303833, -0.1679605096578598, 0.07978460192680359, 0.005921125411987305, -0.1470363438129425, 0.07662487030029297, 0.14326801896095276, 0.10689371824264526, -0.1267583668231964, -0.12531548738479614, -0.18666857481002808, -0.06569769978523254, -0.07994291186332703, -0.21703723073005676, -0.031558021903038025, -0.1203632578253746, 0.21647730469703674, -0.036489084362983704, -0.13202303647994995, -0.04943223297595978], [-0.1293776035308838, 0.08701854944229126, -0.13712583482265472, 0.11413925886154175, -0.09197378158569336, -0.05114038288593292, 0.1938050389289856, -0.1504618227481842, -0.06771034002304077, -0.007014602422714233, 0.18639639019966125, -0.13672305643558502, 0.10151857137680054, 0.08499723672866821, -0.21566498279571533, 0.07883629202842712, -0.20714636147022247, 0.1953997015953064, -0.09332869946956635, -0.21257221698760986], [-0.20962385833263397, 0.142056405544281, 0.2139250636100769, 0.1360880434513092, -0.15560057759284973, -0.03815692663192749, -0.19654375314712524, -0.09286108613014221, 0.16709807515144348, -0.10353467613458633, 0.06158536672592163, -0.05545918643474579, -0.15308845043182373, 0.20409539341926575, -0.07903596758842468, 0.17994242906570435, -0.01570819318294525, 0.16773825883865356, 0.13473820686340332, -0.02312256395816803], [0.2150389552116394, 0.214217871427536, -0.198850616812706, 0.0021503418684005737, 0.011803790926933289, -0.17144392430782318, -0.008459210395812988, -0.18323355913162231, -0.20743438601493835, 0.07242155075073242, 0.08997645974159241, -0.09905871003866196, -0.06869354844093323, 0.0695752501487732, 0.06948155164718628, 0.07742926478385925, 0.20437562465667725, 0.12362602353096008, 0.03737083077430725, -0.042996302247047424], [-0.0652277022600174, 0.08098044991493225, 0.13397878408432007, 0.11987978219985962, -0.10241158306598663, 0.0062688738107681274, 0.16998475790023804, 0.07070282101631165, 0.038784950971603394, 0.022334769368171692, -0.1713980734348297, -0.07424996793270111, -0.018795788288116455, 0.2179938554763794, 0.10697677731513977, 0.11095759272575378, -0.07101292908191681, -0.1729123443365097, 0.14429590106010437, -0.12251796573400497], [-0.1780424565076828, -0.19023561477661133, -0.00676940381526947, 0.01810280978679657, -0.1284073442220688, -0.18420931696891785, -0.05331611633300781, 0.04756879806518555, -0.1792491376399994, -0.0025695115327835083, 0.070763498544693, 0.07389828562736511, -0.02637958526611328, 0.06413871049880981, 0.17223328351974487, 0.020741388201713562, -0.06975620985031128, -0.19476011395454407, -0.1522974669933319, -0.2156178504228592], [0.10226395726203918, -0.06532427668571472, 0.07419973611831665, -0.08060450851917267, -0.1368192583322525, -0.2213820070028305, 0.127370685338974, -0.0068801045417785645, -0.18366295099258423, 0.20674562454223633, 0.19672605395317078, 0.10037055611610413, 0.06957373023033142, -0.12998360395431519, 0.20464035868644714, 0.19689562916755676, -0.05880822241306305, -0.056281283497810364, 0.052856624126434326, -0.21741241216659546], [-0.2035398781299591, -0.05037026107311249, 0.0034055113792419434, 0.14502665400505066, -0.20444779098033905, 0.19425752758979797, 0.19875052571296692, 0.1609974205493927, 0.04226598143577576, -0.1689680516719818, -0.02255687117576599, -0.059750527143478394, 0.014004766941070557, 0.1575506031513214, 0.07104089856147766, -0.05946481227874756, -0.21545098721981049, -0.07545430958271027, 0.0513475239276886, -0.10881011188030243], [-0.17700906097888947, 0.13258302211761475, 0.1725635528564453, 0.16631340980529785, -0.13605572283267975, 0.19925951957702637, -0.07367347180843353, 0.1293642818927765, -0.2111130654811859, -0.07462964951992035, -0.12281672656536102, 0.01626133918762207, -0.2141748070716858, 0.048084527254104614, 0.12740817666053772, 0.2153012752532959, 0.016123682260513306, 0.0694231390953064, -0.13129940629005432, -0.06706801056861877], [-0.19481687247753143, 0.035979002714157104, 0.14347845315933228, 0.158328115940094, 0.09069883823394775, 0.04291936755180359, -0.04612472653388977, 0.08142271637916565, -0.08382512629032135, 0.19672971963882446, 0.031329602003097534, -0.07671473920345306, 0.15544065833091736, 0.014025405049324036, -0.15847526490688324, 0.13803502917289734, -0.0930432677268982, -0.15995025634765625, 0.030818670988082886, -0.09586620330810547], [-0.10921086370944977, -0.03188501298427582, -0.14259585738182068, -0.16314691305160522, -0.0049457848072052, -0.21464906632900238, -0.2070043385028839, -0.06089508533477783, -0.166593536734581, 0.149054616689682, 0.10263150930404663, 0.07835817337036133, -0.030439674854278564, 0.14010360836982727, 0.14441829919815063, 0.013273298740386963, -0.10421536862850189, -0.09283052384853363, -0.02711963653564453, -0.16180822253227234], [-0.17956885695457458, -0.03130398690700531, -0.15445560216903687, -0.04089982807636261, -0.14091268181800842, -0.09180286526679993, -0.002187758684158325, -0.11218790709972382, 0.1772657334804535, 0.11952552199363708, 0.11071789264678955, -0.004728689789772034, -0.1590905785560608, -0.05327518284320831, -0.003948241472244263, -0.12805892527103424, -0.21751174330711365, 0.20501017570495605, -0.06240549683570862, 0.018957167863845825], [0.1948983073234558, 0.1941125988960266, 0.0074814558029174805, 0.1965857744216919, 0.08989313244819641, 0.2192307710647583, 0.015006929636001587, -0.18884743750095367, -0.11203759908676147, -0.027381688356399536, -0.22345784306526184, -0.185019850730896, 0.16620829701423645, -0.14887875318527222, 0.019227266311645508, -0.07275794446468353, 0.2055380940437317, 0.11617544293403625, 0.06712192296981812, -0.18763238191604614], [0.2066539227962494, 0.18962311744689941, 0.13162818551063538, -0.18290843069553375, -0.08679398894309998, -0.03598637878894806, 0.1870320737361908, -0.0895509421825409, 0.21023541688919067, -0.051114603877067566, 0.08787396550178528, 0.1954796314239502, 0.20637774467468262, -0.21777763962745667, -0.18010437488555908, -0.21637971699237823, -0.19924333691596985, -0.177198588848114, -0.2054062783718109, -0.12108366191387177], [0.2219443917274475, 0.05389291048049927, 0.07225790619850159, 0.14291709661483765, 0.07783207297325134, 0.18275904655456543, -0.01970668137073517, -0.09242680668830872, -0.1068529486656189, -0.1103399321436882, -0.09781096875667572, 0.10010787844657898, 0.14757844805717468, 0.08010941743850708, -0.18917743861675262, -0.07171812653541565, 0.08140608668327332, -0.052670031785964966, -0.15263795852661133, -0.0003046989440917969]],