{"epoch_0": {"input": [[0.7805900573730469], [0.6935954093933105], [-0.7733026742935181], [0.6744692325592041], [0.25847530364990234], [0.6943278312683105], [-0.9536473751068115], [-0.5511623620986938], [-0.37893497943878174], [-0.18092560768127441], [0.46114301681518555], [0.18389928340911865], [-0.19233882427215576], [-0.8918265104293823], [0.048870086669921875], [0.9371789693832397], [0.0812000036239624], [0.24668550491333008], [0.6646419763565063], [-0.5270984172821045], [-0.08673906326293945], [0.4424389600753784], [-0.32485413551330566], [0.779626727104187], [-0.9642305374145508], [0.04427003860473633], [-0.43492794036865234], [-0.2672429084777832], [0.9426310062408447], [0.31172406673431396], [0.4754544496536255], [-0.675239086151123], [-0.7891497611999512], [-0.06947469711303711], [-0.9761629104614258], [-0.8421856164932251], [0.12993156909942627], [0.09473657608032227], [-0.10991251468658447], [-0.4604644775390625], [0.3549140691757202], [-0.5969828367233276], [0.8399726152420044], [0.8028649091720581], [0.7233438491821289], [0.40696966648101807], [-0.15762603282928467], [-0.23081469535827637], [0.598175048828125], [-0.23082661628723145]], "h1": [[0.11741821467876434, 0.020482569932937622, -0.016028806567192078, -0.13464951515197754, 0.13385356962680817, -0.045378267765045166, -0.07855066657066345, -0.09914045035839081, 0.1308465451002121, 0.09763139486312866, -0.01774970442056656, -0.09817810356616974, 0.0714055746793747, -0.023354358971118927, -0.0037167519330978394, -0.09817543625831604, 0.061605244874954224, 0.1007843017578125, 0.1113978773355484, 0.0672847330570221, -0.04236724227666855, -0.001978665590286255, 0.10058854520320892, 0.022567152976989746, 0.13117508590221405, 0.002559557557106018, 0.036082491278648376, -0.10857845842838287, 0.13251687586307526, 0.1371845155954361, 0.13769559562206268, -0.060337163507938385, -0.004076257348060608, 0.10061658918857574, 0.1365245133638382, 0.034040555357933044, -0.10929831862449646, 0.12790079414844513, 0.07415877282619476, -0.08934623003005981, -0.03312627971172333, 0.05555160343647003, -0.022785432636737823, 0.10614405572414398, -0.0987522304058075, -0.0944966971874237, -0.13647876679897308, 0.006442949175834656, 0.08326351642608643, 0.14007602632045746], [-0.07420622557401657, -0.0880017802119255, -0.06862860918045044, 0.004685521125793457, -0.10267338156700134, -0.101621113717556, -0.06990953534841537, -0.0012802928686141968, 0.05036206543445587, 0.07249705493450165, -0.12976691126823425, -0.008485570549964905, 0.06629492342472076, 0.011433005332946777, 0.07124659419059753, -0.05450653284788132, -0.061713457107543945, 0.053237542510032654, -0.008815377950668335, 0.13827483355998993, -0.06960661709308624, -0.12569482624530792, 0.09762026369571686, -0.0180324986577034, 0.04784788191318512, 0.06983613967895508, 0.1355070322751999, 0.10212121903896332, -0.05942513793706894, -0.022531874477863312, -0.13339556753635406, -0.1103464737534523, -0.06067551672458649, 0.1016007512807846, 0.011647194623947144, -0.0014809221029281616, 0.13388802111148834, -0.08771952986717224, 0.12985552847385406, -0.08130945265293121, -0.026282675564289093, 0.027174636721611023, 0.03038404881954193, -0.1092873215675354, 0.11709894239902496, 0.12473775446414948, -0.06057304888963699, 0.051632896065711975, -0.02808184176683426, -0.10862386226654053], [0.07597854733467102, 0.04653888940811157, 0.07517220079898834, 0.1265779584646225, -0.09597595036029816, -0.04354394972324371, -0.02939639985561371, 0.1390751749277115, 0.049966588616371155, -0.04937034845352173, 0.09392330050468445, -0.035578638315200806, -0.0729282945394516, -0.042188405990600586, -0.062074437737464905, -0.03990104794502258, 0.0503784716129303, 0.12580908834934235, 0.14078186452388763, -0.086662657558918, -0.06645442545413971, -0.012001529335975647, -0.11604379862546921, -0.07975398004055023, -0.11828594654798508, 0.07137909531593323, -0.08206818997859955, -0.1346685290336609, 0.10313114523887634, 0.10579028725624084, -0.0888807475566864, -0.12109675258398056, 0.0650998055934906, 0.016777992248535156, 0.10417398810386658, 0.12375174462795258, -0.1140224039554596, -0.09948590397834778, 0.13313017785549164, -0.12062273919582367, -0.12802787125110626, 0.10983841121196747, 0.04871702194213867, 0.12647981941699982, -0.09616577625274658, 0.08566354215145111, 0.10339505970478058, -0.030400440096855164, 0.11541895568370819, -0.1115449070930481], [0.0452762097120285, -0.011451736092567444, -0.09023608267307281, -0.03612028807401657, 0.07859358191490173, -0.1390567123889923, 0.0724334567785263, -0.11784403026103973, -0.08968900144100189, 0.07395511865615845, 0.04060755670070648, -0.04084672033786774, 0.0034754276275634766, -0.0864875465631485, -0.13550324738025665, 0.035059720277786255, -0.10252826660871506, 0.13234443962574005, 0.12128593027591705, -0.035771146416664124, 0.09588511288166046, 0.09928520023822784, -0.09119614213705063, -0.04277440160512924, -0.04764039069414139, -0.054029881954193115, 0.1352023333311081, 0.08465875685214996, -0.058211490511894226, -0.09409896284341812, 0.06110845506191254, 0.0471750944852829, 0.1393386870622635, -0.0173405259847641, 0.009402737021446228, -0.09508184343576431, 0.07688602805137634, -0.1164349764585495, 0.12382365763187408, -0.02855493128299713, 0.002171754837036133, 0.01722702383995056, -0.01956970989704132, 0.0285041481256485, -0.02746870368719101, 0.04002898931503296, -0.0697367861866951, 0.016791462898254395, 0.1341322809457779, -0.11209005117416382], [-0.010893136262893677, -0.053143687546253204, -0.0056497156620025635, -0.11991211771965027, -0.08510474115610123, -0.10985302925109863, 0.039816707372665405, 0.1258477121591568, 0.053852349519729614, 0.12490223348140717, 0.11849822103977203, -0.10470420122146606, 0.04904016852378845, -0.13227573037147522, -0.021410293877124786, 0.03750787675380707, 0.08300125598907471, 0.06248597800731659, -0.12557479739189148, -0.11692842841148376, -0.02709706872701645, -0.05827169865369797, -0.007443442940711975, -0.13545650243759155, -0.13294939696788788, 0.10505077242851257, -0.10635663568973541, 0.0625811219215393, 0.10657185316085815, 0.028151437640190125, 0.08268474042415619, 0.01952482759952545, -0.0923420786857605, -0.10338163375854492, -0.11053341627120972, 0.09663726389408112, -0.05677686631679535, -0.08312296122312546, 0.07471181452274323, -0.0005929023027420044, -0.06705838441848755, -0.09608210623264313, -0.06865015625953674, 0.1276765912771225, -0.018457286059856415, -0.08446463197469711, -0.1280432641506195, 0.13213054835796356, -0.12376904487609863, -0.037113942205905914], [-0.04508529603481293, -0.13177964091300964, -0.1282345950603485, 0.08792611956596375, -0.07223629951477051, 0.08484140038490295, -0.0205228328704834, -0.012257292866706848, -0.06362015008926392, 0.03428839147090912, -0.06779612600803375, 0.027952522039413452, 0.023411616683006287, 0.018989771604537964, -0.040194571018218994, 0.05732865631580353, 0.12513993680477142, -0.11077980697154999, 0.018587365746498108, 0.13820643723011017, 0.014958232641220093, -0.04893294721841812, 0.10635147988796234, -0.08739212155342102, 0.13278453052043915, -0.03406889736652374, -0.010976344347000122, 0.04175376892089844, 0.10830292105674744, -0.016829438507556915, 0.05387742817401886, 0.005343109369277954, 0.12766830623149872, 0.09264783561229706, 0.09685094654560089, 0.04299581050872803, -0.0496940016746521, -0.11158730834722519, 0.13746504485607147, 0.04762129485607147, -0.048665858805179596, -0.13470397889614105, -0.028331346809864044, 0.01753300428390503, -0.06418687105178833, 0.007113248109817505, -0.02986832708120346, -0.1271953135728836, -0.030246399343013763, 0.10050125420093536], [0.07571068406105042, -0.07306534051895142, -0.059229589998722076, 0.09912095963954926, -0.014451518654823303, -0.027221255004405975, -0.05763030797243118, 0.015449702739715576, 0.06590326130390167, -0.00822073221206665, -0.07068940252065659, -0.06232239305973053, -0.11397538334131241, -0.0199434831738472, 0.037960246205329895, 