{"epoch_0": {"input": [[0.778602123260498], [-0.4398925304412842], [0.17687582969665527], [-0.5392018556594849], [0.6182407140731812], [-0.2025439739227295], [0.5111681222915649], [0.8969045877456665], [0.1328946352005005], [0.4118819236755371], [-0.8321800231933594], [-0.6651875972747803], [-0.20326626300811768], [0.9988971948623657], [-0.30236971378326416], [-0.9930167198181152], [0.8864243030548096], [0.8418323993682861], [-0.6654088497161865], [0.11984586715698242], [-0.6024385690689087], [-0.1837247610092163], [0.8545039892196655], [0.020888090133666992], [0.8284366130828857], [-0.9645135402679443], [0.9445725679397583], [0.5311980247497559], [0.14930737018585205], [-0.7083920240402222], [0.944304347038269], [-0.8284752368927002], [-0.8387364149093628], [-0.6822069883346558], [-0.30647969245910645], [-0.5191007852554321], [-0.9100908041000366], [-0.4834575653076172], [0.6658766269683838], [0.6572748422622681], [0.1512441635131836], [-0.31975090503692627], [-0.2211395502090454], [0.4357872009277344], [0.9509290456771851], [0.5839438438415527], [-0.46155571937561035], [-0.8362934589385986], [-0.7790700197219849], [-0.9358625411987305]], "output": [[-0.12668795883655548, -0.0457349494099617, -0.05090904235839844, 0.10607270896434784, 0.07703275978565216, -0.09515484422445297, -0.016319379210472107, 0.1234351247549057, -0.06705494970083237, -0.08246307820081711, -0.005962401628494263, -0.024942845106124878, -0.08353741466999054, -0.0476999506354332, 0.06613731384277344, -0.1320132613182068, 0.005352765321731567, 0.13522128760814667, -0.07143811881542206, 0.04639385640621185, 0.09074106812477112, -0.13970646262168884, -0.050141721963882446, -0.036308467388153076, 0.10082381963729858, 0.07943516969680786, 0.13783688843250275, -0.04363205283880234, 0.003282397985458374, 0.04595711827278137, 0.03306762874126434, 0.08535550534725189, -0.07559752464294434, 0.12583871185779572, -0.12735122442245483, -0.012136310338973999, 0.08139157295227051, 0.015063121914863586, 0.11435820162296295, 0.007552653551101685, -0.04696669429540634, -0.028511926531791687, -0.02737608551979065, -0.13449721038341522, 0.06906315684318542, 0.12443025410175323, 0.03222168982028961, 0.12116457521915436, 0.08064281940460205, 0.035989910364151], [0.04903760552406311, 0.061211466789245605, -0.04071805626153946, -0.0222519189119339, 0.012689590454101562, -0.11380428075790405, 0.1286725550889969, -0.032197870314121246, -0.11813841760158539, 0.030818015336990356, 0.07165387272834778, 0.04755815863609314, 0.0021026283502578735, -0.07379387319087982, -0.09734565019607544, 0.002192169427871704, -0.04158211499452591, -0.11307875066995621, 0.09166549146175385, -0.12723365426063538, -0.03142927587032318, 0.13279150426387787, 0.015752330422401428, -0.10038089752197266, -0.043872490525245667, -0.11946209520101547, 0.12433479726314545, 0.025629118084907532, 0.003825962543487549, 0.029123395681381226, -0.03462948650121689, -0.023569785058498383, -0.01727227121591568, -0.0008150637149810791, -0.07173621654510498, 0.11315740644931793, 0.042580053210258484, -0.008649006485939026, 0.11725856363773346, 0.068940669298172, 0.05362749099731445, 0.13655735552310944, -0.09025260806083679, 0.1252754181623459, -0.10310660302639008, 0.11204199492931366, -0.10743122547864914, 0.12804026901721954, 0.1089680939912796, 0.025658205151557922], [0.1342519074678421, 0.07573807239532471, 0.12955878674983978, -0.1135784462094307, -0.08895468711853027, 0.059618979692459106, 0.06921574473381042, -0.05650688707828522, 0.052207931876182556, -0.04430481791496277, 0.12319840490818024, -0.12881864607334137, 0.12501616775989532, 0.10098336637020111, -0.03634554147720337, -0.09506938606500626, 0.08763298392295837, 0.08538544178009033, -0.03632728010416031, 0.06368100643157959, -0.06150183081626892, 0.041067108511924744, 0.10898898541927338, 0.14071787893772125, -0.036140501499176025, 0.02299310266971588, -0.12310989201068878, -0.07862867414951324, 0.03732822835445404, 0.010895296931266785, -0.11196432262659073, -0.04632972180843353, 0.036091968417167664, -0.0802198201417923, 0.12089549005031586, 0.06350566446781158, 0.02328135073184967, 0.12129126489162445, -0.0349588543176651, -0.10524404048919678, -0.05700961500406265, 0.04230016469955444, 0.017559081315994263, -0.08306887745857239, -0.1278945803642273, 0.09105663001537323, 0.1275729387998581, 0.06758874654769897, 0.07987374067306519, 0.07540147006511688], [0.004204675555229187, -0.12211582809686661, -0.07515092194080353, 0.006986722350120544, -0.061050303280353546, 0.10804444551467896, 0.11869217455387115, -0.0546819344162941, -0.05363877862691879, -0.0032644718885421753, 0.08969298005104065, -0.09858279675245285, 0.12156887352466583, -0.07921253144741058, 0.07279233634471893, -0.006882205605506897, 0.07215133309364319, 0.05757288634777069, 0.04077412188053131, -0.04676651954650879, -0.10149973630905151, 0.0829911082983017, -0.04544666409492493, -0.13425414264202118, -0.029852010309696198, -0.0038598477840423584, 0.12973101437091827, 0.0819205641746521, -0.12138321995735168, 0.021985217928886414, -0.07270567864179611, -0.009386137127876282, -0.10586605966091156, -0.04059834033250809, -0.013372063636779785, -0.0904439240694046, -0.04345335066318512, 0.06290778517723083, 0.06578530371189117, 0.01149432361125946, -0.13829559087753296, -0.08141995966434479, -0.02828894555568695, -0.05904030054807663, -0.041256338357925415, -0.09424324333667755, -0.07451873272657394, -0.080821692943573, 0.041346415877342224, -0.038935817778110504], [0.05209703743457794, -0.06958825886249542, 0.005643755197525024, 0.06137572228908539, -0.11166360974311829, -0.08206366002559662, -0.11397510021924973, 0.02775608003139496, -0.02745213359594345, 0.06454332172870636, 0.08883602917194366, -0.11762894690036774, 0.0701938271522522, 0.10557851195335388, -0.07778049260377884, 0.05096621811389923, -0.022614412009716034, 0.08787624537944794, -0.016944266855716705, 0.027000635862350464, 0.02062392234802246, 0.10867978632450104, -0.004869475960731506, 0.01029852032661438, 0.023383960127830505, 0.041755273938179016, -0.030412912368774414, -0.03515711426734924, -0.11473000049591064, 0.11620695888996124, -0.1404946744441986, 0.04975968599319458, -0.09272587299346924, 0.020155057311058044, 0.09442122280597687, -0.0062703341245651245, 0.12150482833385468, 0.10769422352313995, -0.13166961073875427, 0.03546074032783508, -0.07547368109226227, -0.011632904410362244, 0.08420546352863312, 0.1324247568845749, -0.07889657467603683, 0.03416745364665985, 0.10807153582572937, -0.06585753709077835, 0.0059781670570373535, 0.05189789831638336], [-0.026192039251327515, -0.05603470653295517, 0.10293646156787872, 0.04023885726928711, 0.1261417418718338, -0.11621538549661636, 0.06028582155704498, -0.1397588551044464, 0.025080814957618713, 0.13889651000499725, -0.12296175211668015, -0.06862974166870117, -0.04730818420648575, -0.07200610637664795, -0.022751018404960632, 0.09059804677963257, 0.08672657608985901, 0.04256221652030945, 0.09429861605167389, 0.06632907688617706, 0.10975874960422516, -0.01160036027431488, -0.06440242379903793, -0.0884285420179367, -0.06575088948011398, 0.09940676391124725, -0.034513264894485474, 0.03502117097377777, -0.035359859466552734, -0.032569028437137604, 0.12416534125804901, -0.11031284183263779, -0.11805354803800583, 0.11502255499362946, 0.12612776458263397, 0.09669718146324158, -0.0528397262096405, 0.01982751488685608, 0.06479063630104065, -0.08049672842025757, -0.042880259454250336, -0.11134606599807739, 0.12687186896800995, -0.0567810982465744, -0.1295573115348816, -0.0005496740341186523, -0.11523202061653137, -0.09474222362041473, -0.0002995729446411133, 0.10846751928329468], [0.10380828380584717, -0.0411299467086792, 0.015505507588386536, -0.09197112172842026, -0.09313292801380157, -0.11140570789575577, -0.11015254259109497, 0.09669065475463867, -0.03102155029773712, 0.07322068512439728, -0.12329941242933273, 0.0946931540966034, -0.11840753257274628, -0.11606402695178986, -0.12521891295909882, 