{"epoch_0": {"input": [[0.5081237554550171], [0.1325836181640625], [0.5265524387359619], [-0.4859815835952759], [-0.06549263000488281], [-0.1699199676513672], [0.224481463432312], [0.003676295280456543], [-0.9351755380630493], [-0.7628393173217773], [0.9669378995895386], [-0.9189630746841431], [-0.5041769742965698], [0.7990219593048096], [-0.6538680791854858], [-0.39483630657196045], [-0.799142599105835], [-0.983891487121582], [0.06695771217346191], [0.34436047077178955], [-0.7348018884658813], [-0.7889564037322998], [-0.3797128200531006], [0.9766740798950195], [0.26702654361724854], [-0.16988849639892578], [0.06866562366485596], [-0.5369647741317749], [0.11023807525634766], [-0.8048824071884155], [-0.3160611391067505], [0.136039137840271], [0.9251190423965454], [-0.8425420522689819], [0.33816397190093994], [-0.65284264087677], [0.8772492408752441], [-0.22301340103149414], [0.8724663257598877], [-0.9998573064804077], [0.5715450048446655], [-0.5411618947982788], [0.5516771078109741], [0.8019247055053711], [0.931962251663208], [-0.1481621265411377], [0.16340863704681396], [0.5371719598770142], [-0.08262968063354492], [-0.28759336471557617]], "output": [[0.08262738585472107, -0.04363247752189636, 0.05194699764251709, -0.13671556115150452, -0.12288369238376617, 0.10152016580104828, 0.03701081871986389, 0.10882754623889923, -0.10200653970241547, 0.07591068744659424, 0.07144266366958618, 0.10613921284675598, 0.04980742931365967, 0.0639377236366272, -0.1405922770500183, 0.05149753391742706, 0.023038864135742188, -0.026944465935230255, -0.11828009784221649, 0.07915849983692169, -0.06403030455112457, 0.0485224723815918, -0.03916920721530914, -0.024842992424964905, -0.002283155918121338, -0.12569460272789001, 0.13120020925998688, 0.03537730872631073, -0.04154506325721741, 0.07833833992481232, 0.03512425720691681, -0.11494278907775879, -0.14112353324890137, -0.0593552440404892, 0.0791696161031723, 0.05202174186706543, 0.09759509563446045, -0.08015727251768112, -0.010914549231529236, 0.013280883431434631, -0.05467326194047928, -0.13553710281848907, 0.0455549955368042, -0.017420217394828796, 0.09416592121124268, 0.07249070703983307, -0.04244066774845123, 0.12443830072879791, -0.0895104706287384, 0.0501614511013031], [0.12699417769908905, -0.019641444087028503, -0.03167099505662918, 0.12766970694065094, -0.07385744899511337, 0.055640920996665955, -0.09452664852142334, 0.11038027703762054, 0.01818852126598358, 0.12316043674945831, -0.028227195143699646, 0.07809200882911682, 0.02119116485118866, 0.01106765866279602, -0.04838366061449051, 0.015418633818626404, -0.0608484223484993, -0.03123890608549118, 0.020624324679374695, 0.10770884156227112, 0.09481123089790344, 0.10669232904911041, 0.007730424404144287, -0.08800407499074936, 0.06545832753181458, -0.03938838839530945, 0.008957281708717346, -0.018415361642837524, 0.10337324440479279, -0.09294389188289642, -0.038545772433280945, 0.028493568301200867, 0.10753782093524933, 0.023937523365020752, 0.10975001752376556, 0.09971475601196289, -0.10245032608509064, 0.04116649925708771, 0.13299943506717682, -0.10164313018321991, 0.013803794980049133, -0.13035403192043304, -0.04855716973543167, 0.0709676444530487, 0.016695886850357056, -0.008530959486961365, -0.10541176795959473, 0.05408525466918945, -0.10837927460670471, 0.03089769184589386], [0.11950762569904327, -0.059135034680366516, 0.01916922628879547, 0.13575731217861176, 0.11169798672199249, 0.11384175717830658, -0.04377461224794388, -0.03793199360370636, -0.11037568747997284, -0.08571165800094604, 0.13776840269565582, 0.11532680690288544, -0.028938867151737213, 0.08827382326126099, -0.027978718280792236, 0.015375673770904541, -0.08021712303161621, -0.08639996498823166, 0.016561701893806458, 0.029149159789085388, -0.016575545072555542, 0.12162412703037262, -0.04979637265205383, -0.11659838259220123, 0.0891670286655426, -0.08569526672363281, 0.03609086573123932, 0.033640146255493164, -0.10212834179401398, -0.045471832156181335, -0.028366483747959137, 0.12060336768627167, -0.13437236845493317, 0.07089734077453613, 0.03549139201641083, 0.1168227344751358, -0.0706939771771431, 0.046052902936935425, -0.10845570266246796, -0.06857429444789886, 0.030222579836845398, 0.11993815004825592, 0.12570838630199432, 0.11889795958995819, 0.11576630175113678, 0.023411795496940613, -0.09652943909168243, 0.1408095508813858, 0.12966828048229218, -0.027543149888515472], [-0.09248778969049454, -0.13729265332221985, 0.05069108307361603, -0.02101840078830719, 0.08949054777622223, -0.07636880874633789, -0.006842300295829773, -0.13432163000106812, -0.10655944049358368, 0.05126574635505676, -0.04795770347118378, -0.10299685597419739, -0.07480605691671371, -0.13041085004806519, 0.023327231407165527, -0.04335865378379822, -0.08433215320110321, -0.03847665339708328, -0.11589188873767853, -0.0733519196510315, 0.008804038166999817, -0.026777192950248718, 0.06873714923858643, -0.0628717914223671, -0.04275792837142944, -0.06191684305667877, 0.029824167490005493, -0.10130268335342407, -0.03338846564292908, -0.07034992426633835, -0.14089329540729523, 0.06122437119483948, -0.04870592802762985, -0.10078829526901245, -0.004484310746192932, -0.037453532218933105, 0.022095665335655212, 0.1033061295747757, -0.12400340288877487, -0.052199989557266235, -0.09027405083179474, -0.018799245357513428, -0.0046544671058654785, 0.09414441883563995, -0.13387934863567352, -0.047008588910102844, -0.10841605067253113, -0.019407004117965698, 0.12010754644870758, 0.1000237762928009], [-0.005527138710021973, 0.12348316609859467, -0.1068560779094696, -0.13061420619487762, 3.7103891372680664e-05, 0.10147033631801605, -0.017405539751052856, -0.1294216811656952, -0.07133825123310089, -0.10500720888376236, -0.1000516340136528, 0.11721493303775787, -0.05575035512447357, -0.04854761064052582, -0.07744817435741425, -0.05008435249328613, -0.03139717876911163, 0.013885259628295898, 0.10233545303344727, 0.07343196868896484, 0.0063283443450927734, 0.0902012437582016, 0.12722216546535492, -0.04772045463323593, -0.1410316377878189, 0.09325836598873138, -0.08174919337034225, -0.02000316232442856, -0.06286291778087616, -0.0038702040910720825, 0.1201632171869278, -0.03600151836872101, -0.10815982520580292, -0.08170952647924423, 0.042108744382858276, -0.015913590788841248, -0.017938949167728424, -0.1181083396077156, 0.13647763431072235, -0.03300631046295166, 0.06921152770519257, -0.08788793534040451, -0.056131765246391296, 0.037886157631874084, -0.046771593391895294, -0.08169519901275635, -0.03719348460435867, 0.12656228244304657, -0.024761289358139038, -0.10019424557685852], [-0.060495078563690186, 0.13888321816921234, 0.07957638800144196, -0.055540814995765686, -0.004231393337249756, 0.13813047111034393, -0.11337558180093765, -0.010285899043083191, 0.11191259324550629, 0.06384260952472687, 0.04255463182926178, 0.09233136475086212, 0.13960836827754974, -0.062092579901218414, -0.08995473384857178, -0.05704297870397568, 0.12111978232860565, 0.1154869943857193, 0.035830914974212646, -0.09794220328330994, 0.012804195284843445, 0.12644927203655243, -0.13560102880001068, 0.03146737813949585, 0.10454358160495758, -0.13327151536941528, 0.13040845096111298, -0.13228198885917664, 0.14088954031467438, -0.13516701757907867, 0.13162602484226227, 0.023942649364471436, 0.08787092566490173, 0.06541688740253448, 0.09961281716823578, -0.13114234805107117, 0.06244947016239166, 0.09787219762802124, 0.04814177751541138, 0.08900968730449677, -0.09165945649147034, 0.07933008670806885, -0.060101643204689026, 0.025344356894493103, -0.11248096078634262, 0.09152363240718842, 0.10286484658718109, -0.01978486031293869, -0.02606409788131714, 0.04807491600513458], [0.08330938220024109, -0.0335334837436676, -0.05734407901763916, -0.0762268453836441, -0.049991488456726074, -0.1253666877746582, 0.03438714146614075, -0.10472317039966583, -0.05581497400999069, -0.03480972349643707, -0.08548036962747574, 0.06886394321918488, 0.028004899621009827, 0.1400606483221054, 