{"epoch_0": {"input": [[-0.5273360013961792], [0.8529789447784424], [-0.6349747180938721], [0.6896270513534546], [0.11688768863677979], [0.316392183303833], [-0.18541204929351807], [0.7268450260162354], [0.442171573638916], [0.8428241014480591], [0.6546199321746826], [0.8100008964538574], [-0.8823721408843994], [0.42675137519836426], [0.4085390567779541], [-0.35190677642822266], [0.3152369260787964], [0.07247447967529297], [0.053459763526916504], [0.6980769634246826]], "h1": [[-0.0011169463396072388, 0.09855693578720093, -0.14484941959381104, -0.049598515033721924, -0.04045635461807251, -0.21583321690559387, -0.18336798250675201, -0.11198977380990982, -0.18573862314224243, -0.1228582039475441, -0.0054247379302978516, -0.0557364821434021, -0.12276933342218399, -0.09503868222236633, -0.016923069953918457, 0.11390739679336548, -0.043453022837638855, -0.19695928692817688, 0.14883536100387573, -0.0698261559009552], [-0.05444344878196716, -0.11507182568311691, 0.05988341569900513, -0.07643364369869232, -0.22131165862083435, -0.190154567360878, -0.04085257649421692, 0.09167546033859253, -0.1336621791124344, 0.12258276343345642, 0.15200123190879822, -0.19094526767730713, -0.022797465324401855, 0.21725228428840637, 0.16603130102157593, -0.11072134971618652, 0.055455952882766724, 0.1779392957687378, -0.06125931441783905, -0.165904238820076], [0.15922129154205322, 0.13451510667800903, 0.1317172348499298, 0.07639992237091064, 0.05435875058174133, 0.11039939522743225, -0.1434655785560608, -0.13123488426208496, 0.1526159942150116, 0.14713922142982483, -0.016015276312828064, 0.15015491843223572, 0.1760418713092804, 0.1927650272846222, -0.0432172566652298, 0.05829456448554993, -0.09905073791742325, -0.10219691693782806, 0.15602320432662964, 0.08435994386672974], [0.07619917392730713, 0.1052553653717041, -0.22108273208141327, -0.11955469846725464, 0.007382005453109741, 0.020192936062812805, -0.21647095680236816, -0.09494568407535553, -0.22140143811702728, -0.16099447011947632, 0.15557703375816345, 0.08730661869049072, -0.03663535416126251, 0.2014893889427185, 0.028622448444366455, 0.06673231720924377, 0.02937394380569458, -0.11840174347162247, -0.06941072642803192, -0.044223591685295105], [0.0644044280052185, 0.20379799604415894, -0.026252835988998413, -0.20876966416835785, -0.16856765747070312, 0.07203394174575806, 0.20462775230407715, 0.1646137535572052, 0.04857778549194336, 0.20822706818580627, -0.21929897367954254, -0.009481891989707947, -0.12533164024353027, -0.058765679597854614, 0.21804171800613403, 0.0033788681030273438, -0.1015453115105629, 0.058914363384246826, -0.1660935878753662, -0.12228038161993027], [-0.030552178621292114, 0.02217225730419159, -0.08875280618667603, 0.06970703601837158, 0.2149823009967804, 0.10312432050704956, -0.14276491105556488, -0.1983223706483841, 0.10266909003257751, -0.023686453700065613, 0.1156587302684784, 0.1268644630908966, -0.06882068514823914, 0.09565991163253784, -0.17845991253852844, -0.016367748379707336, 0.1446416676044464, -0.12304207682609558, 0.17764195799827576, 0.2089070975780487], [0.17961996793746948, -0.08098950982093811, -0.019133076071739197, 0.15070968866348267, -0.11615011096000671, -0.1663137823343277, 0.04485008120536804, 0.06105634570121765, -0.006553083658218384, 0.049265652894973755, 0.1031661331653595, -0.1811455637216568, -0.04509525001049042, -0.0754125565290451, 0.07279479503631592, -0.14291253685951233, 0.08031958341598511, -0.21899312734603882, 0.0933680534362793, -0.22342391312122345], [-0.04146625101566315, -0.05754709243774414, -0.03857499361038208, -0.18707023561000824, 0.018861204385757446, -0.10372332483530045, -0.1730809211730957, -0.05744737386703491, 0.03150928020477295, -0.11677572876214981, -0.06265199184417725, -0.06291647255420685, 0.005709663033485413, -0.06409601867198944, 0.14727485179901123, 0.17532414197921753, -0.19082462787628174, -0.09550884366035461, 0.024606451392173767, -0.16924384236335754], [-0.05880984663963318, 0.018108993768692017, 0.12074533104896545, 0.18741825222969055, 0.11075970530509949, 0.16554325819015503, -0.06165345013141632, -0.043122678995132446, -0.16152000427246094, 0.009914055466651917, 0.07488977909088135, 0.12417829036712646, 0.1294410228729248, 0.12320634722709656, 0.03075331449508667, 0.1918586790561676, 0.14841383695602417, -0.13353973627090454, 0.04746663570404053, -0.18838149309158325], [-0.06335504353046417, 0.1390513777732849, 0.003848358988761902, -0.014112085103988647, -0.037519827485084534, -0.010596245527267456, -0.16513241827487946, 0.1395827829837799, 0.05041104555130005, -0.17503854632377625, 0.14302420616149902, -0.07963193953037262, 0.0894382894039154, -0.13574457168579102, 0.15387943387031555, 0.10857146978378296, -0.10999292135238647, 0.05775764584541321, 0.031069159507751465, 0.16593271493911743], [-0.1273542195558548, 0.04637220501899719, -0.132246732711792, -0.12254859507083893, -0.07610438764095306, 0.06963792443275452, -0.09096167981624603, -0.09560848772525787, 0.029377847909927368, 0.12983083724975586, -0.20804931223392487, -0.020841673016548157, -0.09094381332397461, 0.20158502459526062, -0.1360204517841339, -0.03620629012584686, -0.17275747656822205, -0.11965063214302063, -0.06957951188087463, -0.10089010745286942], [-0.18466950953006744, -0.10157447308301926, 0.20068898797035217, 0.13041594624519348, 0.1963832974433899, -0.06443583965301514, -0.01459704339504242, -0.19861330091953278, 0.16437625885009766, 0.17401239275932312, -0.029336780309677124, 0.18517524003982544, -0.0364767462015152, -0.2229308784008026, 0.0869688093662262, 0.12319037318229675, -0.1171816736459732, 0.16064608097076416, -0.18239012360572815, -0.17598333954811096], [0.21494948863983154, 0.002957850694656372, 0.030271440744400024, -0.1383136510848999, 0.08698728680610657, -0.07661263644695282, 0.21327203512191772, -0.11607193201780319, -0.036410510540008545, -0.17531442642211914, -0.015342533588409424, -0.0568123459815979, 0.019348159432411194, -0.19510115683078766, 0.055636048316955566, -0.17581503093242645, -0.14527219533920288, -0.09281578660011292, 0.15893596410751343, -0.043073415756225586], [0.1666550636291504, 0.004739657044410706, -0.06342972815036774, -0.13035714626312256, 0.1340203583240509, 0.00913567841053009, -0.06057476997375488, 0.11863991618156433, -0.14349773526191711, -0.17656400799751282, 0.08133047819137573, -0.05836586654186249, -0.22262439131736755, -0.17089682817459106, -0.17327985167503357, 0.18379613757133484, -0.13381043076515198, 0.010286226868629456, -0.1369139850139618, -0.11046646535396576], [-0.11057034134864807, 0.10335522890090942, 0.02507627010345459, 0.11386018991470337, -0.05165928602218628, -0.16816288232803345, 0.17544996738433838, 0.10089483857154846, 0.17594760656356812, -0.09180760383605957, -0.19332140684127808, 0.139624685049057, 0.11069196462631226, 0.07070779800415039, -0.13058583438396454, 0.054348111152648926, -0.06787587702274323, 0.06782105565071106, -0.15590086579322815, 0.007599353790283203]],